From,To,Subject,Body,Class(output)
,,,,
Morgan@JPMorgan.com,Esabella@CitiBankSingapore.com,168717Waiting for amount pending,The trasaction 168717 is taking too long to be completed,B
Morgan@HSBC.com,Meghan@CitiBankLondon.com,413891Transaction is in progress,Payment 413891 will be completed within two days,B
Morgan@CitiBankLondon.com,Anthony@CitiBankLondon.com,988795urgent: need transaction details, 988795 sdjvbksd,D
Morgan@CitiBankLondon.com,Dipesh@CitiBankLondon.com,613137Transaction Failed,"Lack of funds, check no. 613137 has been bounced.",A
Spike@BNYMellon.com,Meghan@CitiBankNewYork.com,Update on Acc 131265,The trasaction 131265 is taking too long to be completed,B
Adam@BNYMellon.com,Dipesh@CitiBankHingKong.com,472639Payment Received,The transaction 472639 have been recieved.,C
Phillip@CitiBankLondon.com,Esabella@CitiBankHingKong.com,963334Waiting for amount pending,The trasaction 963334 is taking too long to be completed,B
Stig@BNYMellon.com,Hangchu@CitiBankHingKong.com, Acc 822737 Update,Payment 822737 will be completed within two days,B
Mike@CitiBankNewYork.com,Hangchu@CitiBankHingKong.com,669915Transacion Complete,Full payment for update 669915 is successfully recieved.,C
Mike@BNYMellon.com,Anthony@CitiBankNewYork.com,466118Payment Failed,"Lack of funds, check no. 466118 has been bounced.",A
Phillip@CitiBankNewYork.com,Esabella@CitiBankNewYork.com,715136Transaction is in progress,The trasaction 715136 is taking too long to be completed,B
Mike@BNYMellon.com,Dipesh@CitiBankNewYork.com,463812Waiting for amount pending,Payment 463812 will be completed within two days,B
Morgan@JPMorgan.com,Anthony@CitiBankPune.com,Update on Acc 277166,Due to server overflow transaction 277166 will be completed within seven to ten working days,B
Adam@JPMorgan.com,Meghan@CitiBankHingKong.com,155373Waiting for amount pending,The trasaction 155373 is taking too long to be completed,B
Morgan@JPMorgan.com,Esabella@CitiBankNewYork.com,258974Transacion Complete,Full payment for update 258974 is successfully recieved.,C
Jason@JPMorgan.com,Dipesh@CitiBankLondon.com,245366Payment Failed,"Due to unknown technical errors, your transaction 245366 have been cancalled.",A
Jason@CitiBankLondon.com,Anthony@CitiBankNewYork.com,723425urgent: need transaction details,aaaaa 723425 qqqqqq,D
Stig@DEUTSCHEBANK.com,Esabella@CitiBankNewYork.com,926858Payment Failed,"Due to unknown technical errors, your transaction 926858 have been cancalled.",A
Mike@HSBC.com,Meghan@CitiBankHingKong.com,Payment in Progress Acc 276383,The trasaction 276383 is taking too long to be completed,B
Phillip@DEUTSCHEBANK.com,Esabella@CitiBankHingKong.com, Acc 824195 Update,Due to server overflow transaction 824195 will be completed within seven to ten working days,B
Spike@DEUTSCHEBANK.com,Anthony@CitiBankPune.com,314943payment Status, 314943 sdjvbksd,D
Spike@CitiBankNewYork.com,Esabella@CitiBankPune.com,238821Transaction Failed,"Lack of funds, check no. 238821 has been bounced.",A
Mike@DEUTSCHEBANK.com,Esabella@CitiBankPune.com,Payment in Progress Acc 536677,Due to server overflow transaction 536677 will be completed within seven to ten working days,B
Mike@BNYMellon.com,Dipesh@CitiBankSingapore.com,543276Payment Received,The transaction 543276 have been recieved.,C
Mike@CitiBankNewYork.com,Dipesh@CitiBankHingKong.com,Update on Acc 169244,Fund transfer for ACC No. 169244 is partially stoped due to unknown technical error,B
Morgan@BNYMellon.com,Anthony@CitiBankPune.com,225169Transaction Failed,"Lack of funds, check no. 225169 has been bounced.",A
Phillip@HSBC.com,Esabella@CitiBankPune.com,378516payment Status, 378516 sdjvbksd,D
Morgan@CitiBankNewYork.com,Anthony@CitiBankPune.com,627344payment Status,aaaaa 627344 qqqqqq,D
Stig@BNYMellon.com,Esabella@CitiBankSingapore.com,875154payment Status,aaaaa 875154 qqqqqq,D
Stig@HSBC.com,Esabella@CitiBankHingKong.com,199519update on payment request,aaaaa 199519 qqqqqq,D
Spike@JPMorgan.com,Hangchu@CitiBankLondon.com,214144Payment is in progress,Due to server overflow transaction 214144 will be completed within seven to ten working days,B
Spike@CitiBankNewYork.com,Hangchu@CitiBankPune.com,479527Payment is in progress,Payment 479527 will be completed within two days,B
Spike@JPMorgan.com,Esabella@CitiBankLondon.com,333619Payment is in progress,Due to server overflow transaction 333619 will be completed within seven to ten working days,B
Mike@HSBC.com,Anthony@CitiBankLondon.com,683568Transaction is in progress,The trasaction 683568 is taking too long to be completed,B
Phillip@JPMorgan.com,Dipesh@CitiBankLondon.com,331644Transaction Failed,"Lack of funds, check no. 331644 has been bounced.",A
Phillip@CitiBankLondon.com,Hangchu@CitiBankSingapore.com,286254payment Status,aaaaa 286254 qqqqqq,D
Morgan@HSBC.com,Esabella@CitiBankHingKong.com,379883Payment Received,Full payment for update 379883 is successfully recieved.,C
Mike@CitiBankNewYork.com,Hangchu@CitiBankNewYork.com,Payment in Progress Acc 692793,Payment 692793 will be completed within two days,B
Jason@CitiBankLondon.com,Esabella@CitiBankLondon.com,Update on Acc 541233,Payment 541233 will be completed within two days,B
Mike@JPMorgan.com,Hangchu@CitiBankPune.com,423493urgent: need transaction details, 423493 sdjvbksd,D
Morgan@DEUTSCHEBANK.com,Hangchu@CitiBankPune.com,359792Payment Received,The transaction 359792 related to investment funds hve been sussceefully completed.,C
Jason@DEUTSCHEBANK.com,Meghan@CitiBankSingapore.com,724115Transacion Complete,The transaction 724115 have been recieved.,C
Jason@CitiBankNewYork.com,Anthony@CitiBankNewYork.com,554266Transaction Failed,Payment 554266 have been cancelled as per your request.,A
Morgan@CitiBankLondon.com,Meghan@CitiBankLondon.com, Acc 133273 Update,Payment 133273 will be completed within two days,B
Mike@CitiBankNewYork.com,Esabella@CitiBankLondon.com,317824Transaction is in progress,Fund transfer for ACC No. 317824 is partially stoped due to unknown technical error,B
Morgan@DEUTSCHEBANK.com,Dipesh@CitiBankLondon.com,181961Transacion Complete,The transaction 181961 related to investment funds hve been sussceefully completed.,C
Spike@DEUTSCHEBANK.com,Hangchu@CitiBankSingapore.com, Acc 999418 Update,The trasaction 999418 is taking too long to be completed,B
Jason@JPMorgan.com,Hangchu@CitiBankPune.com,342133update on payment request, 342133 sdjvbksd,D
Adam@JPMorgan.com,Meghan@CitiBankHingKong.com,831746Waiting for amount pending,Due to server overflow transaction 831746 will be completed within seven to ten working days,B
Mike@BNYMellon.com,Hangchu@CitiBankSingapore.com,185747Payment Received,The transaction 185747 have been recieved.,C
Phillip@BNYMellon.com,Anthony@CitiBankNewYork.com,315793Transaction is in progress,The trasaction 315793 is taking too long to be completed,B
Mike@CitiBankNewYork.com,Hangchu@CitiBankSingapore.com,578449update on payment request,aaaaa 578449 qqqqqq,D
Morgan@CitiBankLondon.com,Hangchu@CitiBankLondon.com,615723payment Status, 615723 sdjvbksd,D
Mike@CitiBankNewYork.com,Meghan@CitiBankHingKong.com,973255Payment Failed,"Due to unknown technical errors, your transaction 973255 have been cancalled.",A
Phillip@DEUTSCHEBANK.com,Anthony@CitiBankLondon.com,268127urgent: need transaction details,aaaaa 268127 qqqqqq,D
Stig@CitiBankNewYork.com,Hangchu@CitiBankPune.com,544581Payment Failed,Payment 544581 have been cancelled as per your request.,A
Spike@JPMorgan.com,Meghan@CitiBankPune.com,Payment in Progress Acc 469799,Fund transfer for ACC No. 469799 is partially stoped due to unknown technical error,B
Phillip@CitiBankLondon.com,Dipesh@CitiBankNewYork.com,351799Transaction Failed,Payment 351799 have been cancelled as per your request.,A
Jason@CitiBankNewYork.com,Esabella@CitiBankLondon.com, Acc 556413 Update,Due to server overflow transaction 556413 will be completed within seven to ten working days,B
Spike@DEUTSCHEBANK.com,Anthony@CitiBankHingKong.com,339189Payment Received,Full payment for update 339189 is successfully recieved.,C
Stig@HSBC.com,Esabella@CitiBankLondon.com,216677update on payment request,aaaaa 216677 qqqqqq,D
Mike@DEUTSCHEBANK.com,Anthony@CitiBankPune.com, Acc 364533 Update,The trasaction 364533 is taking too long to be completed,B
Jason@DEUTSCHEBANK.com,Hangchu@CitiBankPune.com,397514Transaction is in progress,Due to server overflow transaction 397514 will be completed within seven to ten working days,B
Morgan@JPMorgan.com,Hangchu@CitiBankSingapore.com, Acc 542882 Update,Due to server overflow transaction 542882 will be completed within seven to ten working days,B
Stig@DEUTSCHEBANK.com,Esabella@CitiBankLondon.com,783764Transacion Complete,The transaction 783764 have been recieved.,C
Jason@JPMorgan.com,Anthony@CitiBankLondon.com,673358urgent: need transaction details,aaaaa 673358 qqqqqq,D
Morgan@JPMorgan.com,Meghan@CitiBankHingKong.com,671494update on payment request, 671494 sdjvbksd,D
Jason@HSBC.com,Meghan@CitiBankNewYork.com,Update on Acc 598948,Payment 598948 will be completed within two days,B
Phillip@HSBC.com,Dipesh@CitiBankSingapore.com,736386urgent: need transaction details, 736386 sdjvbksd,D
Morgan@CitiBankLondon.com,Hangchu@CitiBankPune.com,583956urgent: need transaction details,aaaaa 583956 qqqqqq,D
Phillip@JPMorgan.com,Meghan@CitiBankNewYork.com,263494urgent: need transaction details,aaaaa 263494 qqqqqq,D
Phillip@BNYMellon.com,Esabella@CitiBankHingKong.com,538178Waiting for amount pending,Fund transfer for ACC No. 538178 is partially stoped due to unknown technical error,B
Phillip@DEUTSCHEBANK.com,Meghan@CitiBankSingapore.com,Payment in Progress Acc 274843,Payment 274843 will be completed within two days,B
Stig@DEUTSCHEBANK.com,Hangchu@CitiBankHingKong.com,893545Transaction is in progress,The trasaction 893545 is taking too long to be completed,B
Phillip@BNYMellon.com,Meghan@CitiBankSingapore.com,737925Payment Received,The transaction 737925 related to investment funds hve been sussceefully completed.,C
Mike@CitiBankNewYork.com,Esabella@CitiBankLondon.com,252361Waiting for amount pending,Due to server overflow transaction 252361 will be completed within seven to ten working days,B
Stig@DEUTSCHEBANK.com,Esabella@CitiBankLondon.com,253843Transacion Complete,The transaction 253843 have been recieved.,C
Phillip@JPMorgan.com,Esabella@CitiBankSingapore.com,967269Transaction Failed,Payment 967269 have been cancelled as per your request.,A
Mike@CitiBankNewYork.com,Meghan@CitiBankHingKong.com,Payment in Progress Acc 554345,Fund transfer for ACC No. 554345 is partially stoped due to unknown technical error,B
Morgan@JPMorgan.com,Esabella@CitiBankLondon.com,914928Transacion Complete,Full payment for update 914928 is successfully recieved.,C
Adam@HSBC.com,Esabella@CitiBankSingapore.com,891857Payment Failed,"Due to unknown technical errors, your transaction 891857 have been cancalled.",A
Stig@CitiBankNewYork.com,Meghan@CitiBankPune.com,258866Waiting for amount pending,Due to server overflow transaction 258866 will be completed within seven to ten working days,B
Mike@HSBC.com,Dipesh@CitiBankHingKong.com,Payment in Progress Acc 653676,Fund transfer for ACC No. 653676 is partially stoped due to unknown technical error,B
Adam@JPMorgan.com,Anthony@CitiBankPune.com,429355Payment Failed,"Lack of funds, check no. 429355 has been bounced.",A
Stig@CitiBankNewYork.com,Dipesh@CitiBankLondon.com,665322Payment is in progress,Due to server overflow transaction 665322 will be completed within seven to ten working days,B
Phillip@BNYMellon.com,Hangchu@CitiBankLondon.com, Acc 427538 Update,Payment 427538 will be completed within two days,B
Phillip@JPMorgan.com,Meghan@CitiBankPune.com,Update on Acc 149771,Due to server overflow transaction 149771 will be completed within seven to ten working days,B
Adam@BNYMellon.com,Anthony@CitiBankSingapore.com,631448Transacion Complete,The transaction 631448 related to investment funds hve been sussceefully completed.,C
Morgan@DEUTSCHEBANK.com,Dipesh@CitiBankLondon.com,598795Transaction Failed,Payment 598795 have been cancelled as per your request.,A
Phillip@BNYMellon.com,Dipesh@CitiBankHingKong.com,912779urgent: need transaction details,aaaaa 912779 qqqqqq,D
Morgan@HSBC.com,Anthony@CitiBankNewYork.com,473181payment Status, 473181 sdjvbksd,D
Phillip@JPMorgan.com,Dipesh@CitiBankSingapore.com, Acc 788822 Update,Payment 788822 will be completed within two days,B
Stig@CitiBankLondon.com,Esabella@CitiBankSingapore.com,949755Payment is in progress,Due to server overflow transaction 949755 will be completed within seven to ten working days,B
Adam@DEUTSCHEBANK.com,Meghan@CitiBankSingapore.com,975351Transacion Complete,The transaction 975351 related to investment funds hve been sussceefully completed.,C
Adam@CitiBankNewYork.com,Anthony@CitiBankSingapore.com,574875Payment Received,The transaction 574875 related to investment funds hve been sussceefully completed.,C
Spike@BNYMellon.com,Anthony@CitiBankSingapore.com, Acc 932248 Update,The trasaction 932248 is taking too long to be completed,B
Phillip@BNYMellon.com,Hangchu@CitiBankSingapore.com, Acc 419497 Update,The trasaction 419497 is taking too long to be completed,B
Spike@DEUTSCHEBANK.com,Dipesh@CitiBankHingKong.com,437571Transaction Failed,"Due to unknown technical errors, your transaction 437571 have been cancalled.",A
Phillip@JPMorgan.com,Hangchu@CitiBankLondon.com,879839Waiting for amount pending,Payment 879839 will be completed within two days,B
Jason@CitiBankNewYork.com,Anthony@CitiBankNewYork.com,912528Transaction is in progress,Due to server overflow transaction 912528 will be completed within seven to ten working days,B
Spike@DEUTSCHEBANK.com,Dipesh@CitiBankNewYork.com,419556Payment is in progress,Due to server overflow transaction 419556 will be completed within seven to ten working days,B
Adam@HSBC.com,Esabella@CitiBankNewYork.com,223897payment Status,aaaaa 223897 qqqqqq,D
Mike@DEUTSCHEBANK.com,Esabella@CitiBankNewYork.com,436148Payment is in progress,Payment 436148 will be completed within two days,B
Adam@HSBC.com,Dipesh@CitiBankNewYork.com,534569Waiting for amount pending,Fund transfer for ACC No. 534569 is partially stoped due to unknown technical error,B
Stig@JPMorgan.com,Meghan@CitiBankPune.com,322822urgent: need transaction details, 322822 sdjvbksd,D
Spike@CitiBankNewYork.com,Dipesh@CitiBankNewYork.com,Payment in Progress Acc 216931,Payment 216931 will be completed within two days,B
Spike@CitiBankLondon.com,Hangchu@CitiBankSingapore.com,711218Payment is in progress,Payment 711218 will be completed within two days,B
Phillip@JPMorgan.com,Anthony@CitiBankSingapore.com,932293urgent: need transaction details, 932293 sdjvbksd,D
Stig@DEUTSCHEBANK.com,Esabella@CitiBankLondon.com,342292Waiting for amount pending,The trasaction 342292 is taking too long to be completed,B
Spike@CitiBankLondon.com,Hangchu@CitiBankSingapore.com,491197Waiting for amount pending,The trasaction 491197 is taking too long to be completed,B
Adam@BNYMellon.com,Esabella@CitiBankNewYork.com,939267Payment is in progress,Fund transfer for ACC No. 939267 is partially stoped due to unknown technical error,B
Stig@HSBC.com,Hangchu@CitiBankSingapore.com,631755Transaction Failed,"Due to unknown technical errors, your transaction 631755 have been cancalled.",A
Jason@DEUTSCHEBANK.com,Esabella@CitiBankSingapore.com, Acc 196638 Update,Fund transfer for ACC No. 196638 is partially stoped due to unknown technical error,B
Morgan@HSBC.com,Dipesh@CitiBankPune.com,Update on Acc 183167,Fund transfer for ACC No. 183167 is partially stoped due to unknown technical error,B
Mike@CitiBankLondon.com,Dipesh@CitiBankLondon.com,755946update on payment request, 755946 sdjvbksd,D
Phillip@DEUTSCHEBANK.com,Meghan@CitiBankSingapore.com,177763payment Status,aaaaa 177763 qqqqqq,D
Mike@DEUTSCHEBANK.com,Esabella@CitiBankSingapore.com,Update on Acc 586857,Fund transfer for ACC No. 586857 is partially stoped due to unknown technical error,B
Mike@BNYMellon.com,Anthony@CitiBankSingapore.com,613463payment Status,aaaaa 613463 qqqqqq,D
Stig@DEUTSCHEBANK.com,Hangchu@CitiBankSingapore.com,Update on Acc 542678,Fund transfer for ACC No. 542678 is partially stoped due to unknown technical error,B
Mike@JPMorgan.com,Meghan@CitiBankPune.com,897666Waiting for amount pending,Due to server overflow transaction 897666 will be completed within seven to ten working days,B
Phillip@CitiBankLondon.com,Dipesh@CitiBankHingKong.com,Payment in Progress Acc 866592,Due to server overflow transaction 866592 will be completed within seven to ten working days,B
Stig@BNYMellon.com,Hangchu@CitiBankSingapore.com,511132Waiting for amount pending,Due to server overflow transaction 511132 will be completed within seven to ten working days,B
Adam@DEUTSCHEBANK.com,Anthony@CitiBankNewYork.com,558626urgent: need transaction details, 558626 sdjvbksd,D
Jason@HSBC.com,Dipesh@CitiBankNewYork.com,Update on Acc 182848,Fund transfer for ACC No. 182848 is partially stoped due to unknown technical error,B
Jason@CitiBankNewYork.com,Dipesh@CitiBankSingapore.com,893439Payment Received,The transaction 893439 have been recieved.,C
Jason@BNYMellon.com,Esabella@CitiBankSingapore.com,394697Transaction Failed,"Due to unknown technical errors, your transaction 394697 have been cancalled.",A
Phillip@CitiBankLondon.com,Dipesh@CitiBankNewYork.com,Update on Acc 393441,Fund transfer for ACC No. 393441 is partially stoped due to unknown technical error,B
Stig@JPMorgan.com,Meghan@CitiBankNewYork.com,962936Waiting for amount pending,The trasaction 962936 is taking too long to be completed,B
Morgan@HSBC.com,Hangchu@CitiBankPune.com,799127payment Status, 799127 sdjvbksd,D
Jason@BNYMellon.com,Esabella@CitiBankPune.com,147678payment Status, 147678 sdjvbksd,D
Jason@CitiBankLondon.com,Meghan@CitiBankNewYork.com,889869Transaction is in progress,Fund transfer for ACC No. 889869 is partially stoped due to unknown technical error,B
Adam@HSBC.com,Hangchu@CitiBankHingKong.com,124761Payment Failed,"Lack of funds, check no. 124761 has been bounced.",A
Jason@DEUTSCHEBANK.com,Dipesh@CitiBankSingapore.com,Update on Acc 863214,The trasaction 863214 is taking too long to be completed,B
Jason@DEUTSCHEBANK.com,Dipesh@CitiBankHingKong.com,471974Transaction is in progress,Fund transfer for ACC No. 471974 is partially stoped due to unknown technical error,B
Stig@CitiBankNewYork.com,Anthony@CitiBankNewYork.com,577844update on payment request,aaaaa 577844 qqqqqq,D
Spike@BNYMellon.com,Anthony@CitiBankNewYork.com,995293Payment is in progress,Fund transfer for ACC No. 995293 is partially stoped due to unknown technical error,B
Spike@CitiBankNewYork.com,Dipesh@CitiBankSingapore.com,Payment in Progress Acc 967136,Fund transfer for ACC No. 967136 is partially stoped due to unknown technical error,B
Stig@HSBC.com,Esabella@CitiBankHingKong.com,611426update on payment request, 611426 sdjvbksd,D
Adam@DEUTSCHEBANK.com,Esabella@CitiBankSingapore.com, Acc 837419 Update,The trasaction 837419 is taking too long to be completed,B
Adam@HSBC.com,Anthony@CitiBankHingKong.com,985976Transacion Complete,The transaction 985976 have been recieved.,C
Mike@BNYMellon.com,Hangchu@CitiBankNewYork.com,Update on Acc 386116,Due to server overflow transaction 386116 will be completed within seven to ten working days,B
Jason@JPMorgan.com,Esabella@CitiBankSingapore.com,145929Transaction is in progress,Due to server overflow transaction 145929 will be completed within seven to ten working days,B
Stig@JPMorgan.com,Dipesh@CitiBankSingapore.com,641862Transaction Failed,Payment 641862 have been cancelled as per your request.,A
Jason@DEUTSCHEBANK.com,Anthony@CitiBankPune.com,445493Payment Failed,"Due to unknown technical errors, your transaction 445493 have been cancalled.",A
Mike@BNYMellon.com,Dipesh@CitiBankHingKong.com,626129Waiting for amount pending,Due to server overflow transaction 626129 will be completed within seven to ten working days,B
Morgan@JPMorgan.com,Meghan@CitiBankLondon.com,165955Payment Received,The transaction 165955 have been recieved.,C
Jason@DEUTSCHEBANK.com,Meghan@CitiBankHingKong.com,286975Transacion Complete,Full payment for update 286975 is successfully recieved.,C
Jason@HSBC.com,Anthony@CitiBankPune.com,341698payment Status, 341698 sdjvbksd,D
Spike@HSBC.com,Hangchu@CitiBankSingapore.com, Acc 828884 Update,The trasaction 828884 is taking too long to be completed,B
Mike@CitiBankLondon.com,Esabella@CitiBankSingapore.com,936755urgent: need transaction details,aaaaa 936755 qqqqqq,D
Stig@JPMorgan.com,Meghan@CitiBankSingapore.com,612446Payment is in progress,Payment 612446 will be completed within two days,B
Stig@BNYMellon.com,Hangchu@CitiBankPune.com,685977Payment Received,The transaction 685977 have been recieved.,C
Jason@BNYMellon.com,Esabella@CitiBankNewYork.com,756736update on payment request, 756736 sdjvbksd,D
Stig@CitiBankLondon.com,Meghan@CitiBankNewYork.com,758429Transacion Complete,Full payment for update 758429 is successfully recieved.,C
Adam@HSBC.com,Dipesh@CitiBankLondon.com,Payment in Progress Acc 934247,Due to server overflow transaction 934247 will be completed within seven to ten working days,B
Jason@BNYMellon.com,Dipesh@CitiBankSingapore.com,Payment in Progress Acc 218837,Payment 218837 will be completed within two days,B
Mike@CitiBankNewYork.com,Hangchu@CitiBankLondon.com,299432Payment is in progress,Fund transfer for ACC No. 299432 is partially stoped due to unknown technical error,B
Adam@CitiBankLondon.com,Esabella@CitiBankHingKong.com,244549update on payment request,aaaaa 244549 qqqqqq,D
Stig@CitiBankNewYork.com,Hangchu@CitiBankPune.com,423913Payment Failed,Payment 423913 have been cancelled as per your request.,A
Phillip@HSBC.com,Meghan@CitiBankHingKong.com,342478urgent: need transaction details, 342478 sdjvbksd,D
Stig@JPMorgan.com,Dipesh@CitiBankHingKong.com,876356Transaction Failed,"Lack of funds, check no. 876356 has been bounced.",A
Spike@DEUTSCHEBANK.com,Anthony@CitiBankHingKong.com,Update on Acc 545614,Payment 545614 will be completed within two days,B
Adam@DEUTSCHEBANK.com,Dipesh@CitiBankNewYork.com,538972Payment is in progress,The trasaction 538972 is taking too long to be completed,B
Morgan@JPMorgan.com,Esabella@CitiBankLondon.com,787139Payment Received,The transaction 787139 related to investment funds hve been sussceefully completed.,C
Phillip@DEUTSCHEBANK.com,Esabella@CitiBankNewYork.com,719387Transaction is in progress,Fund transfer for ACC No. 719387 is partially stoped due to unknown technical error,B
Mike@HSBC.com,Anthony@CitiBankSingapore.com, Acc 824338 Update,The trasaction 824338 is taking too long to be completed,B
Jason@HSBC.com,Esabella@CitiBankNewYork.com, Acc 973744 Update,Due to server overflow transaction 973744 will be completed within seven to ten working days,B
Phillip@CitiBankLondon.com,Anthony@CitiBankNewYork.com,641634Transaction Failed,Payment 641634 have been cancelled as per your request.,A
Jason@CitiBankNewYork.com,Dipesh@CitiBankPune.com,291152payment Status, 291152 sdjvbksd,D
Stig@BNYMellon.com,Anthony@CitiBankHingKong.com, Acc 611249 Update,Due to server overflow transaction 611249 will be completed within seven to ten working days,B
Mike@HSBC.com,Dipesh@CitiBankPune.com,282394urgent: need transaction details, 282394 sdjvbksd,D
Stig@DEUTSCHEBANK.com,Meghan@CitiBankLondon.com,615583Payment is in progress,Payment 615583 will be completed within two days,B
Morgan@DEUTSCHEBANK.com,Hangchu@CitiBankSingapore.com,387656update on payment request, 387656 sdjvbksd,D
Adam@CitiBankLondon.com,Dipesh@CitiBankLondon.com,Update on Acc 479487,The trasaction 479487 is taking too long to be completed,B
Adam@CitiBankNewYork.com,Hangchu@CitiBankLondon.com,Update on Acc 744372,Fund transfer for ACC No. 744372 is partially stoped due to unknown technical error,B
Stig@BNYMellon.com,Meghan@CitiBankNewYork.com,217926Payment is in progress,The trasaction 217926 is taking too long to be completed,B
Stig@BNYMellon.com,Dipesh@CitiBankNewYork.com,795841Waiting for amount pending,Fund transfer for ACC No. 795841 is partially stoped due to unknown technical error,B
Morgan@JPMorgan.com,Hangchu@CitiBankPune.com,128392Waiting for amount pending,Fund transfer for ACC No. 128392 is partially stoped due to unknown technical error,B
Stig@CitiBankNewYork.com,Anthony@CitiBankHingKong.com,Update on Acc 328745,Payment 328745 will be completed within two days,B
Jason@JPMorgan.com,Anthony@CitiBankHingKong.com,548388Payment Failed,"Lack of funds, check no. 548388 has been bounced.",A
Mike@JPMorgan.com,Dipesh@CitiBankSingapore.com,298259Waiting for amount pending,Fund transfer for ACC No. 298259 is partially stoped due to unknown technical error,B
Phillip@CitiBankNewYork.com,Anthony@CitiBankNewYork.com,382932Waiting for amount pending,Due to server overflow transaction 382932 will be completed within seven to ten working days,B
Jason@CitiBankNewYork.com,Meghan@CitiBankSingapore.com,486887Payment is in progress,The trasaction 486887 is taking too long to be completed,B
Adam@JPMorgan.com,Meghan@CitiBankPune.com,458917update on payment request, 458917 sdjvbksd,D
Morgan@CitiBankNewYork.com,Hangchu@CitiBankSingapore.com,255243Transacion Complete,Full payment for update 255243 is successfully recieved.,C
Jason@CitiBankLondon.com,Hangchu@CitiBankPune.com,758652Waiting for amount pending,Fund transfer for ACC No. 758652 is partially stoped due to unknown technical error,B
Mike@DEUTSCHEBANK.com,Anthony@CitiBankHingKong.com,Update on Acc 799754,The trasaction 799754 is taking too long to be completed,B
Mike@CitiBankLondon.com,Hangchu@CitiBankSingapore.com,643261Payment Failed,"Due to unknown technical errors, your transaction 643261 have been cancalled.",A
Spike@CitiBankNewYork.com,Dipesh@CitiBankPune.com,395653Payment Failed,"Lack of funds, check no. 395653 has been bounced.",A
Spike@BNYMellon.com,Hangchu@CitiBankHingKong.com,199721Payment Received,The transaction 199721 have been recieved.,C
Mike@CitiBankNewYork.com,Dipesh@CitiBankSingapore.com,678325Payment Received,The transaction 678325 related to investment funds hve been sussceefully completed.,C
Mike@HSBC.com,Dipesh@CitiBankLondon.com,536436update on payment request, 536436 sdjvbksd,D
Stig@BNYMellon.com,Meghan@CitiBankSingapore.com,176823Transaction Failed,"Due to unknown technical errors, your transaction 176823 have been cancalled.",A
Jason@JPMorgan.com,Esabella@CitiBankNewYork.com,825656Payment Failed,"Due to unknown technical errors, your transaction 825656 have been cancalled.",A
Mike@BNYMellon.com,Esabella@CitiBankHingKong.com,Update on Acc 799995,The trasaction 799995 is taking too long to be completed,B
Adam@BNYMellon.com,Dipesh@CitiBankNewYork.com,627921Payment Received,Full payment for update 627921 is successfully recieved.,C
Spike@JPMorgan.com,Meghan@CitiBankPune.com,259635Transacion Complete,Full payment for update 259635 is successfully recieved.,C
Morgan@JPMorgan.com,Anthony@CitiBankHingKong.com,574253Waiting for amount pending,Due to server overflow transaction 574253 will be completed within seven to ten working days,B
Stig@BNYMellon.com,Anthony@CitiBankHingKong.com,474729Transaction is in progress,The trasaction 474729 is taking too long to be completed,B
Phillip@HSBC.com,Anthony@CitiBankNewYork.com, Acc 712396 Update,The trasaction 712396 is taking too long to be completed,B
Adam@CitiBankLondon.com,Hangchu@CitiBankNewYork.com,376687Payment Failed,"Lack of funds, check no. 376687 has been bounced.",A
Morgan@CitiBankNewYork.com,Meghan@CitiBankHingKong.com,528525update on payment request,aaaaa 528525 qqqqqq,D
Stig@CitiBankLondon.com,Hangchu@CitiBankNewYork.com,691543payment Status,aaaaa 691543 qqqqqq,D
Stig@CitiBankLondon.com,Esabella@CitiBankSingapore.com,378673Transaction Failed,"Due to unknown technical errors, your transaction 378673 have been cancalled.",A
Stig@CitiBankNewYork.com,Dipesh@CitiBankSingapore.com,671268Waiting for amount pending,Fund transfer for ACC No. 671268 is partially stoped due to unknown technical error,B
Mike@CitiBankNewYork.com,Meghan@CitiBankHingKong.com,154937Transaction Failed,"Due to unknown technical errors, your transaction 154937 have been cancalled.",A
Adam@JPMorgan.com,Dipesh@CitiBankLondon.com,341745Waiting for amount pending,Fund transfer for ACC No. 341745 is partially stoped due to unknown technical error,B
Stig@DEUTSCHEBANK.com,Anthony@CitiBankNewYork.com,719453Payment Failed,Payment 719453 have been cancelled as per your request.,A
Jason@HSBC.com,Esabella@CitiBankHingKong.com,642643Payment Received,The transaction 642643 have been recieved.,C
Stig@JPMorgan.com,Dipesh@CitiBankNewYork.com,224861Transaction is in progress,Due to server overflow transaction 224861 will be completed within seven to ten working days,B
Jason@CitiBankNewYork.com,Dipesh@CitiBankLondon.com,176183Waiting for amount pending,Due to server overflow transaction 176183 will be completed within seven to ten working days,B
Phillip@HSBC.com,Hangchu@CitiBankHingKong.com,539162update on payment request, 539162 sdjvbksd,D
Stig@HSBC.com,Anthony@CitiBankLondon.com,896653Waiting for amount pending,The trasaction 896653 is taking too long to be completed,B
Jason@CitiBankNewYork.com,Anthony@CitiBankLondon.com,963299Waiting for amount pending,Payment 963299 will be completed within two days,B
Adam@DEUTSCHEBANK.com,Esabella@CitiBankNewYork.com,356983urgent: need transaction details, 356983 sdjvbksd,D
Morgan@HSBC.com,Anthony@CitiBankLondon.com,438987Transaction is in progress,The trasaction 438987 is taking too long to be completed,B
Mike@CitiBankNewYork.com,Esabella@CitiBankLondon.com,211197Waiting for amount pending,Due to server overflow transaction 211197 will be completed within seven to ten working days,B
Jason@JPMorgan.com,Esabella@CitiBankHingKong.com,566116Transaction is in progress,The trasaction 566116 is taking too long to be completed,B
Morgan@HSBC.com,Esabella@CitiBankSingapore.com,276812payment Status,aaaaa 276812 qqqqqq,D
Stig@HSBC.com,Hangchu@CitiBankLondon.com,637618Transaction is in progress,Payment 637618 will be completed within two days,B
Spike@JPMorgan.com,Meghan@CitiBankNewYork.com,479229Transaction Failed,Payment 479229 have been cancelled as per your request.,A
Morgan@HSBC.com,Dipesh@CitiBankNewYork.com, Acc 135745 Update,The trasaction 135745 is taking too long to be completed,B
Mike@JPMorgan.com,Esabella@CitiBankPune.com,796164Transaction Failed,"Due to unknown technical errors, your transaction 796164 have been cancalled.",A
Jason@BNYMellon.com,Esabella@CitiBankHingKong.com,279396Transaction Failed,"Lack of funds, check no. 279396 has been bounced.",A
Morgan@JPMorgan.com,Meghan@CitiBankLondon.com,714183payment Status, 714183 sdjvbksd,D
Spike@BNYMellon.com,Dipesh@CitiBankSingapore.com,748538Transaction is in progress,Fund transfer for ACC No. 748538 is partially stoped due to unknown technical error,B
Mike@JPMorgan.com,Dipesh@CitiBankNewYork.com,995175Payment is in progress,Fund transfer for ACC No. 995175 is partially stoped due to unknown technical error,B
Morgan@DEUTSCHEBANK.com,Meghan@CitiBankNewYork.com,Update on Acc 273867,Fund transfer for ACC No. 273867 is partially stoped due to unknown technical error,B
Mike@HSBC.com,Anthony@CitiBankHingKong.com,Payment in Progress Acc 126121,Due to server overflow transaction 126121 will be completed within seven to ten working days,B
Adam@HSBC.com,Dipesh@CitiBankPune.com,819653Payment Received,The transaction 819653 have been recieved.,C
Jason@JPMorgan.com,Anthony@CitiBankNewYork.com,783127Waiting for amount pending,Fund transfer for ACC No. 783127 is partially stoped due to unknown technical error,B
Spike@CitiBankNewYork.com,Esabella@CitiBankHingKong.com,521343payment Status,aaaaa 521343 qqqqqq,D
Morgan@CitiBankLondon.com,Esabella@CitiBankSingapore.com,866245Transacion Complete,Full payment for update 866245 is successfully recieved.,C
Stig@JPMorgan.com,Meghan@CitiBankLondon.com,Payment in Progress Acc 246129,Fund transfer for ACC No. 246129 is partially stoped due to unknown technical error,B
Morgan@BNYMellon.com,Meghan@CitiBankLondon.com,777664Payment Failed,"Lack of funds, check no. 777664 has been bounced.",A
Mike@DEUTSCHEBANK.com,Esabella@CitiBankHingKong.com,827422Transaction Failed,"Lack of funds, check no. 827422 has been bounced.",A
Adam@CitiBankNewYork.com,Hangchu@CitiBankNewYork.com,813446Transaction is in progress,Fund transfer for ACC No. 813446 is partially stoped due to unknown technical error,B
Morgan@CitiBankLondon.com,Anthony@CitiBankHingKong.com,743322Waiting for amount pending,The trasaction 743322 is taking too long to be completed,B
Phillip@BNYMellon.com,Meghan@CitiBankPune.com,519545Transaction Failed,"Due to unknown technical errors, your transaction 519545 have been cancalled.",A
Jason@CitiBankNewYork.com,Meghan@CitiBankPune.com,721157Payment Failed,"Lack of funds, check no. 721157 has been bounced.",A
Morgan@JPMorgan.com,Esabella@CitiBankLondon.com,836922Waiting for amount pending,Due to server overflow transaction 836922 will be completed within seven to ten working days,B
Spike@JPMorgan.com,Esabella@CitiBankSingapore.com,Update on Acc 481833,Payment 481833 will be completed within two days,B
Morgan@DEUTSCHEBANK.com,Meghan@CitiBankLondon.com,514452Transaction Failed,"Lack of funds, check no. 514452 has been bounced.",A
Phillip@CitiBankNewYork.com,Dipesh@CitiBankHingKong.com,687176Waiting for amount pending,Fund transfer for ACC No. 687176 is partially stoped due to unknown technical error,B
Spike@CitiBankNewYork.com,Meghan@CitiBankPune.com,495351urgent: need transaction details,aaaaa 495351 qqqqqq,D
Jason@CitiBankLondon.com,Meghan@CitiBankHingKong.com,978371Transaction is in progress,The trasaction 978371 is taking too long to be completed,B
Mike@CitiBankNewYork.com,Esabella@CitiBankPune.com,371486Transaction is in progress,Payment 371486 will be completed within two days,B
Jason@DEUTSCHEBANK.com,Meghan@CitiBankSingapore.com,813668update on payment request, 813668 sdjvbksd,D
Jason@BNYMellon.com,Hangchu@CitiBankSingapore.com,691499Payment is in progress,Payment 691499 will be completed within two days,B
Jason@DEUTSCHEBANK.com,Anthony@CitiBankHingKong.com, Acc 656571 Update,Fund transfer for ACC No. 656571 is partially stoped due to unknown technical error,B
Adam@JPMorgan.com,Hangchu@CitiBankLondon.com,245527Transaction is in progress,Due to server overflow transaction 245527 will be completed within seven to ten working days,B
Phillip@HSBC.com,Hangchu@CitiBankLondon.com,442164Transacion Complete,Full payment for update 442164 is successfully recieved.,C
Jason@CitiBankLondon.com,Esabella@CitiBankPune.com, Acc 226121 Update,Payment 226121 will be completed within two days,B
Phillip@HSBC.com,Meghan@CitiBankSingapore.com,667244Waiting for amount pending,Fund transfer for ACC No. 667244 is partially stoped due to unknown technical error,B
Morgan@HSBC.com,Esabella@CitiBankLondon.com,Payment in Progress Acc 223816,Due to server overflow transaction 223816 will be completed within seven to ten working days,B
Jason@CitiBankLondon.com,Anthony@CitiBankLondon.com,Payment in Progress Acc 221813,Payment 221813 will be completed within two days,B
Phillip@DEUTSCHEBANK.com,Anthony@CitiBankPune.com,958453update on payment request, 958453 sdjvbksd,D
Adam@HSBC.com,Dipesh@CitiBankLondon.com,963537Payment Received,The transaction 963537 related to investment funds hve been sussceefully completed.,C
Jason@DEUTSCHEBANK.com,Esabella@CitiBankSingapore.com,325242Transaction is in progress,The trasaction 325242 is taking too long to be completed,B
Adam@BNYMellon.com,Hangchu@CitiBankPune.com, Acc 589944 Update,Payment 589944 will be completed within two days,B
Stig@JPMorgan.com,Dipesh@CitiBankPune.com,788127update on payment request,aaaaa 788127 qqqqqq,D
Phillip@BNYMellon.com,Esabella@CitiBankSingapore.com,934588Waiting for amount pending,Payment 934588 will be completed within two days,B
Stig@JPMorgan.com,Meghan@CitiBankNewYork.com,583779Transaction Failed,"Due to unknown technical errors, your transaction 583779 have been cancalled.",A
Adam@CitiBankNewYork.com,Dipesh@CitiBankPune.com,857755Transaction is in progress,Fund transfer for ACC No. 857755 is partially stoped due to unknown technical error,B
Adam@DEUTSCHEBANK.com,Esabella@CitiBankPune.com,361387urgent: need transaction details, 361387 sdjvbksd,D
Mike@HSBC.com,Anthony@CitiBankHingKong.com,259611payment Status, 259611 sdjvbksd,D
Spike@JPMorgan.com,Hangchu@CitiBankPune.com,499717urgent: need transaction details, 499717 sdjvbksd,D
Phillip@JPMorgan.com,Anthony@CitiBankLondon.com,Payment in Progress Acc 456912,The trasaction 456912 is taking too long to be completed,B
Stig@HSBC.com,Esabella@CitiBankNewYork.com,642524urgent: need transaction details, 642524 sdjvbksd,D
Adam@CitiBankLondon.com,Hangchu@CitiBankSingapore.com,Update on Acc 222555,Due to server overflow transaction 222555 will be completed within seven to ten working days,B
Mike@DEUTSCHEBANK.com,Meghan@CitiBankNewYork.com, Acc 937199 Update,The trasaction 937199 is taking too long to be completed,B
Morgan@DEUTSCHEBANK.com,Dipesh@CitiBankSingapore.com,Payment in Progress Acc 685757,The trasaction 685757 is taking too long to be completed,B
Morgan@BNYMellon.com,Dipesh@CitiBankSingapore.com,333168payment Status,aaaaa 333168 qqqqqq,D
Spike@CitiBankLondon.com,Hangchu@CitiBankSingapore.com,949557urgent: need transaction details, 949557 sdjvbksd,D
Phillip@CitiBankNewYork.com,Esabella@CitiBankHingKong.com,316719Payment Failed,"Lack of funds, check no. 316719 has been bounced.",A
Stig@HSBC.com,Esabella@CitiBankHingKong.com,596769Transacion Complete,The transaction 596769 have been recieved.,C
Mike@CitiBankNewYork.com,Anthony@CitiBankSingapore.com,487797Transaction is in progress,Fund transfer for ACC No. 487797 is partially stoped due to unknown technical error,B
Morgan@BNYMellon.com,Anthony@CitiBankLondon.com,777787urgent: need transaction details, 777787 sdjvbksd,D
Adam@HSBC.com,Meghan@CitiBankSingapore.com,711962Waiting for amount pending,The trasaction 711962 is taking too long to be completed,B
Mike@DEUTSCHEBANK.com,Dipesh@CitiBankSingapore.com,177168Waiting for amount pending,Due to server overflow transaction 177168 will be completed within seven to ten working days,B
Adam@DEUTSCHEBANK.com,Anthony@CitiBankHingKong.com,472333Waiting for amount pending,Due to server overflow transaction 472333 will be completed within seven to ten working days,B
Jason@JPMorgan.com,Hangchu@CitiBankLondon.com,Payment in Progress Acc 296272,Fund transfer for ACC No. 296272 is partially stoped due to unknown technical error,B
Adam@BNYMellon.com,Dipesh@CitiBankPune.com,447419Transaction Failed,Payment 447419 have been cancelled as per your request.,A
Morgan@DEUTSCHEBANK.com,Meghan@CitiBankNewYork.com,914162Transaction is in progress,Payment 914162 will be completed within two days,B
Mike@BNYMellon.com,Anthony@CitiBankNewYork.com,441187Transacion Complete,The transaction 441187 have been recieved.,C
Morgan@JPMorgan.com,Meghan@CitiBankHingKong.com,582556Payment Received,The transaction 582556 related to investment funds hve been sussceefully completed.,C
Phillip@CitiBankNewYork.com,Dipesh@CitiBankHingKong.com,518892Waiting for amount pending,Fund transfer for ACC No. 518892 is partially stoped due to unknown technical error,B
Morgan@HSBC.com,Hangchu@CitiBankNewYork.com,619552update on payment request, 619552 sdjvbksd,D
Jason@HSBC.com,Meghan@CitiBankLondon.com,256461Waiting for amount pending,The trasaction 256461 is taking too long to be completed,B
Phillip@CitiBankNewYork.com,Esabella@CitiBankHingKong.com,818977payment Status,aaaaa 818977 qqqqqq,D
Phillip@JPMorgan.com,Esabella@CitiBankPune.com, Acc 514445 Update,Payment 514445 will be completed within two days,B
Morgan@CitiBankNewYork.com,Dipesh@CitiBankHingKong.com,824169Payment Failed,"Due to unknown technical errors, your transaction 824169 have been cancalled.",A
Phillip@CitiBankLondon.com,Esabella@CitiBankHingKong.com,Payment in Progress Acc 788292,Payment 788292 will be completed within two days,B
Stig@CitiBankLondon.com,Dipesh@CitiBankSingapore.com,434138Transaction is in progress,Payment 434138 will be completed within two days,B
Phillip@CitiBankNewYork.com,Dipesh@CitiBankNewYork.com,526389Transaction Failed,"Lack of funds, check no. 526389 has been bounced.",A
Stig@DEUTSCHEBANK.com,Meghan@CitiBankLondon.com,571267Payment is in progress,Due to server overflow transaction 571267 will be completed within seven to ten working days,B
Adam@CitiBankLondon.com,Dipesh@CitiBankLondon.com,474417Payment Received,The transaction 474417 related to investment funds hve been sussceefully completed.,C
Mike@CitiBankNewYork.com,Esabella@CitiBankSingapore.com,317795Transaction is in progress,The trasaction 317795 is taking too long to be completed,B
Adam@HSBC.com,Esabella@CitiBankHingKong.com,Payment in Progress Acc 112749,Due to server overflow transaction 112749 will be completed within seven to ten working days,B
Phillip@HSBC.com,Anthony@CitiBankLondon.com,655124Payment is in progress,Fund transfer for ACC No. 655124 is partially stoped due to unknown technical error,B
